id,X,Y,x_light,y_light,elevation,azimuth
0,NaN,NaN,-0.2304,0.1792,NaN,NaN
1,NaN,NaN,-0.2048,0.1792,NaN,NaN
2,NaN,NaN,-0.1792,0.1792,NaN,NaN
3,NaN,NaN,-0.1536,0.1792,NaN,NaN
4,NaN,NaN,-0.128,0.1792,NaN,NaN
5,NaN,NaN,-0.1024,0.1792,NaN,NaN
6,NaN,NaN,-0.0768,0.1792,NaN,NaN
7,NaN,NaN,-0.0512,0.1792,NaN,NaN
8,NaN,NaN,-0.0256,0.1792,NaN,NaN
9,NaN,NaN,0.0,0.1792,NaN,NaN
10,NaN,NaN,0.0256,0.1792,NaN,NaN
11,NaN,NaN,0.0512,0.1792,NaN,NaN
12,NaN,NaN,0.0768,0.1792,NaN,NaN
13,NaN,NaN,0.1024,0.1792,NaN,NaN
14,NaN,NaN,0.128,0.1792,NaN,NaN
15,NaN,NaN,0.1536,0.1792,NaN,NaN
16,NaN,NaN,-0.2304,0.1536,NaN,NaN
17,NaN,NaN,-0.2048,0.1536,NaN,NaN
18,NaN,NaN,-0.1792,0.1536,NaN,NaN
19,NaN,NaN,-0.1536,0.1536,NaN,NaN
20,0.37147,-0.75073,-0.128,0.1536,56.8883,296.3267
21,0.25259,-0.75253,-0.1024,0.1536,52.5411,288.5546
22,0.14235,-0.75519,-0.0768,0.1536,50.2184,280.6748
23,0.0307,-0.75767,-0.0512,0.1536,49.3138,272.3203
24,-0.0841,-0.7569,-0.0256,0.1536,49.6017,263.6598
25,-0.19627,-0.74782,0.0,0.1536,50.6374,255.294
26,-0.30881,-0.73964,0.0256,0.1536,53.2753,247.3388
27,-0.42449,-0.72924,0.0512,0.1536,57.5426,239.7964
28,NaN,NaN,0.0768,0.1536,NaN,NaN
29,NaN,NaN,0.1024,0.1536,NaN,NaN
30,NaN,NaN,0.128,0.1536,NaN,NaN
31,NaN,NaN,0.1536,0.1536,NaN,NaN
32,NaN,NaN,-0.2304,0.128,NaN,NaN
33,NaN,NaN,-0.2048,0.128,NaN,NaN
34,NaN,NaN,-0.1792,0.128,NaN,NaN
35,0.4906,-0.64019,-0.1536,0.128,53.7607,307.4642
36,0.37613,-0.6478,-0.128,0.128,48.5106,300.1406
37,0.2614,-0.65247,-0.1024,0.128,44.6589,291.8326
38,0.14677,-0.65661,-0.0768,0.128,42.2846,282.6
39,0.03223,-0.65869,-0.0512,0.128,41.2601,272.8013
40,-0.08454,-0.65713,-0.0256,0.128,41.4943,262.6691
41,-0.1973,-0.65141,0.0,0.128,42.8932,253.1494
42,-0.31542,-0.63968,0.0256,0.128,45.4974,243.7525
43,-0.43097,-0.62791,0.0512,0.128,49.6038,235.536
44,-0.54613,-0.61896,0.0768,0.128,55.6342,228.5769
45,NaN,NaN,0.1024,0.128,NaN,NaN
46,NaN,NaN,0.128,0.128,NaN,NaN
47,NaN,NaN,0.1536,0.128,NaN,NaN
48,NaN,NaN,-0.2304,0.1024,NaN,NaN
49,NaN,NaN,-0.2048,0.1024,NaN,NaN
50,0.60716,-0.52582,-0.1792,0.1024,53.4368,319.1064
51,0.49745,-0.53526,-0.1536,0.1024,46.9473,312.9032
52,0.38726,-0.54601,-0.128,0.1024,42.0208,305.3463
53,0.27084,-0.55214,-0.1024,0.1024,37.9512,296.1292
54,0.15459,-0.55275,-0.0768,0.1024,35.0269,285.6249
55,0.03702,-0.55649,-0.0512,0.1024,33.8983,273.8059
56,-0.08542,-0.55243,-0.0256,0.1024,33.9863,261.2102
57,-0.20535,-0.5445,0.0,0.1024,35.5868,249.3368
58,-0.32252,-0.53651,0.0256,0.1024,38.7548,238.9881
59,-0.43644,-0.52596,0.0512,0.1024,43.1144,230.3142
60,-0.5534,-0.50961,0.0768,0.1024,48.7899,222.6411
61,-0.66289,-0.49438,0.1024,0.1024,55.786,216.7154
62,NaN,NaN,0.128,0.1024,NaN,NaN
63,NaN,NaN,0.1536,0.1024,NaN,NaN
64,NaN,NaN,-0.2304,0.0768,NaN,NaN
65,0.72505,-0.40044,-0.2048,0.0768,55.9226,331.0884
66,0.62241,-0.41532,-0.1792,0.0768,48.4394,326.2857
67,0.5129,-0.42489,-0.1536,0.0768,41.7615,320.3614
68,0.40151,-0.43473,-0.128,0.0768,36.2832,312.7251
69,0.28471,-0.44178,-0.1024,0.0768,31.707,302.8002
70,0.16333,-0.44333,-0.0768,0.0768,28.1941,290.2246
71,0.04071,-0.44457,-0.0512,0.0768,26.5149,275.2321
72,-0.08665,-0.44096,-0.0256,0.0768,26.7047,258.8828
73,-0.21121,-0.43256,0.0,0.0768,28.775,243.9747
74,-0.33007,-0.42235,0.0256,0.0768,32.4136,231.9921
75,-0.44868,-0.41419,0.0512,0.0768,37.635,222.711
76,-0.56074,-0.39901,0.0768,0.0768,43.4889,215.4348
77,-0.66729,-0.38182,0.1024,0.0768,50.2468,209.778
78,-0.77345,-0.36569,0.128,0.0768,58.8198,205.305
79,NaN,NaN,0.1536,0.0768,NaN,NaN
80,NaN,NaN,-0.2304,0.0512,NaN,NaN
81,0.73561,-0.28051,-0.2048,0.0512,51.9319,339.1267
82,0.63485,-0.29593,-0.1792,0.0512,44.4619,335.0078
83,0.52555,-0.30486,-0.1536,0.0512,37.4141,329.8829
84,0.41429,-0.31298,-0.128,0.0512,31.2802,322.9304
85,0.29227,-0.31914,-0.1024,0.0512,25.6422,312.4836
86,0.17189,-0.3185,-0.0768,0.0512,21.2184,298.3551
87,0.04561,-0.32202,-0.0512,0.0512,18.9798,278.0616
88,-0.08854,-0.31879,-0.0256,0.0512,19.3208,254.478
89,-0.21328,-0.31164,0.0,0.0512,22.1872,235.6131
90,-0.33781,-0.30319,0.0256,0.0512,26.9952,221.9085
91,-0.45455,-0.29312,0.0512,0.0512,32.7425,212.8163
92,-0.56888,-0.28182,0.0768,0.0512,39.4096,206.3536
93,-0.67291,-0.27321,0.1024,0.0512,46.5737,202.0978
94,-0.7754,-0.25754,0.128,0.0512,54.7906,198.3733
95,NaN,NaN,0.1536,0.0512,NaN,NaN
96,NaN,NaN,-0.2304,0.0256,NaN,NaN
97,0.7463,-0.16214,-0.2048,0.0256,49.7924,347.7425
98,0.646,-0.17412,-0.1792,0.0256,41.9941,344.9152
99,0.5345,-0.18216,-0.1536,0.0256,34.3806,341.1807
100,0.42449,-0.18685,-0.128,0.0256,27.6322,336.2421
101,0.30258,-0.19047,-0.1024,0.0256,20.9491,327.8101
102,0.17902,-0.19207,-0.0768,0.0256,15.2222,312.9859
103,0.05056,-0.19199,-0.0512,0.0256,11.4514,284.7537
104,-0.08402,-0.18738,-0.0256,0.0256,11.8503,245.8488
105,-0.21513,-0.18391,0.0,0.0256,16.4409,220.5264
106,-0.34018,-0.17472,0.0256,0.0256,22.484,207.1855
107,-0.45973,-0.16989,0.0512,0.0256,29.3482,200.2814
108,-0.57353,-0.16263,0.0768,0.0256,36.5941,195.8312
109,-0.67995,-0.15664,0.1024,0.0256,44.2475,192.9729
110,-0.77648,-0.14192,0.128,0.0256,52.1242,190.3578
111,NaN,NaN,0.1536,0.0256,NaN,NaN
112,NaN,NaN,-0.2304,0.0,NaN,NaN
113,0.75066,-0.04483,-0.2048,0.0,48.7637,356.5823
114,0.64932,-0.05434,-0.1792,0.0,40.6616,355.2162
115,0.54174,-0.05537,-0.1536,0.0,32.9948,354.1642
116,0.43118,-0.05933,-0.128,0.0,25.8007,352.1653
117,0.30894,-0.05569,-0.1024,0.0,18.2956,349.7815
118,0.18268,-0.06003,-0.0768,0.0,11.0865,341.8091
119,0.04942,-0.05763,-0.0512,0.0,4.354,310.6144
120,-0.08306,-0.05276,-0.0256,0.0,5.647,212.4239
121,-0.2161,-0.05062,0.0,0.0,12.8236,193.1835
122,-0.341,-0.04851,0.0256,0.0,20.1472,188.0965
123,-0.46182,-0.04343,0.0512,0.0,27.6363,185.3724
124,-0.5741,-0.04177,0.0768,0.0,35.1429,184.1614
125,-0.67976,-0.04113,0.1024,0.0,42.9221,183.4626
126,-0.77899,-0.03358,0.128,0.0,51.2343,182.4683
127,NaN,NaN,0.1536,0.0,NaN,NaN
128,NaN,NaN,-0.2304,-0.0256,NaN,NaN
129,0.75587,0.06578,-0.2048,-0.0256,49.3521,4.9737
130,0.65239,0.06298,-0.1792,-0.0256,40.9517,5.5141
131,0.54331,0.06465,-0.1536,-0.0256,33.1712,6.7859
132,0.43246,0.07113,-0.128,-0.0256,25.9936,9.3402
133,0.31294,0.07442,-0.1024,-0.0256,18.7638,13.377
134,0.18537,0.07508,-0.0768,-0.0256,11.5368,22.0493
135,0.05275,0.07717,-0.0512,-0.0256,5.3636,55.6452
136,-0.08114,0.08004,-0.0256,-0.0256,6.5445,135.391
137,-0.2147,0.0804,0.0,-0.0256,13.2535,159.4703
138,-0.34308,0.07875,0.0256,-0.0256,20.6098,167.0724
139,-0.46197,0.07984,0.0512,-0.0256,27.9576,170.1947
140,-0.57612,0.07567,0.0768,-0.0256,35.5257,172.5174
141,-0.68253,0.07299,0.1024,-0.0256,43.3475,173.896
142,-0.77488,0.07512,0.128,-0.0256,51.1246,174.4628
143,NaN,NaN,0.1536,-0.0256,NaN,NaN
144,NaN,NaN,-0.2304,-0.0512,NaN,NaN
145,0.74607,0.18346,-0.2048,-0.0512,50.2011,13.815
146,0.64723,0.18451,-0.1792,-0.0512,42.3003,15.9116
147,0.53612,0.19056,-0.1536,-0.0512,34.6791,19.5674
148,0.42819,0.19709,-0.128,-0.0512,28.1234,24.716
149,0.30366,0.20015,-0.1024,-0.0512,21.3269,33.3899
150,0.18382,0.20324,-0.0768,-0.0512,15.9046,47.8723
151,0.05184,0.20749,-0.0512,-0.0512,12.3491,75.9722
152,-0.08208,0.20896,-0.0256,-0.0512,12.9736,111.445
153,-0.2155,0.20713,0.0,-0.0512,17.3917,136.1346
154,-0.34036,0.20482,0.0256,-0.0512,23.4055,148.9615
155,-0.45726,0.19653,0.0512,-0.0512,29.8483,156.742
156,-0.57186,0.19398,0.0768,-0.0512,37.1472,161.2626
157,-0.67725,0.18466,0.1024,-0.0512,44.5856,164.7484
158,-0.77358,0.1838,0.128,-0.0512,52.6662,166.6345
159,NaN,NaN,0.1536,-0.0512,NaN,NaN
160,NaN,NaN,-0.2304,-0.0768,NaN,NaN
161,0.74009,0.29644,-0.2048,-0.0768,52.8684,21.8284
162,0.63763,0.29958,-0.1792,-0.0768,44.7892,25.1657
163,0.53253,0.31094,-0.1536,-0.0768,38.0728,30.2803
164,0.42077,0.3167,-0.128,-0.0768,31.7785,36.9676
165,0.29943,0.3271,-0.1024,-0.0768,26.3246,47.5288
166,0.17869,0.32467,-0.0768,-0.0768,21.7523,61.1727
167,0.04889,0.33318,-0.0512,-0.0768,19.6789,81.6521
168,-0.08047,0.33571,-0.0256,-0.0768,20.1952,103.4795
169,-0.21129,0.33411,0.0,-0.0768,23.2855,122.3091
170,-0.33419,0.32423,0.0256,-0.0768,27.7508,135.8667
171,-0.45377,0.31613,0.0512,-0.0768,33.5753,145.1361
172,-0.56611,0.31131,0.0768,-0.0768,40.2453,151.1931
173,-0.6671,0.29843,0.1024,-0.0768,46.9543,155.8984
174,-0.77185,0.28961,0.128,-0.0768,55.5272,159.4331
175,NaN,NaN,0.1536,-0.0768,NaN,NaN
176,NaN,NaN,-0.2304,-0.1024,NaN,NaN
177,0.73503,0.41586,-0.2048,-0.1024,57.6202,29.5
178,0.6282,0.41967,-0.1792,-0.1024,49.0678,33.745
179,0.51987,0.42574,-0.1536,-0.1024,42.2179,39.3153
180,0.41081,0.43228,-0.128,-0.1024,36.6088,46.4588
181,0.29246,0.44008,-0.1024,-0.1024,31.8972,56.3935
182,0.17728,0.44406,-0.0768,-0.1024,28.564,68.2369
183,0.0514,0.45059,-0.0512,-0.1024,26.9692,83.4922
184,-0.07846,0.45373,-0.0256,-0.1024,27.417,99.8107
185,-0.20338,0.44846,0.0,-0.1024,29.4999,114.3947
186,-0.32426,0.44146,0.0256,-0.1024,33.2129,126.2979
187,-0.44557,0.43025,0.0512,-0.1024,38.2718,136.0021
188,-0.55978,0.41937,0.0768,-0.1024,44.3826,143.1606
189,-0.66372,0.4123,0.1024,-0.1024,51.3848,148.1516
190,-0.77975,0.40862,0.128,-0.1024,61.6822,152.3437
191,NaN,NaN,0.1536,-0.1024,NaN,NaN
192,NaN,NaN,-0.2304,-0.128,NaN,NaN
193,NaN,NaN,-0.2048,-0.128,NaN,NaN
194,0.61728,0.53815,-0.1792,-0.128,54.9774,41.0822
195,0.50964,0.54166,-0.1536,-0.128,48.0498,46.7445
196,0.40197,0.54747,-0.128,-0.128,42.7806,53.7127
197,0.28309,0.55713,-0.1024,-0.128,38.6768,63.0639
198,0.16921,0.55795,-0.0768,-0.128,35.6649,73.129
199,0.04761,0.56274,-0.0512,-0.128,34.385,85.1641
200,-0.0746,0.56521,-0.0256,-0.128,34.758,97.5188
201,-0.19527,0.55927,0.0,-0.128,36.326,109.2467
202,-0.31578,0.5567,0.0256,-0.128,39.7937,119.5634
203,-0.43575,0.54434,0.0512,-0.128,44.2083,128.6776
204,-0.55153,0.53091,0.0768,-0.128,49.955,136.0913
205,-0.65617,0.52504,0.1024,-0.128,57.1795,141.3347
206,NaN,NaN,0.128,-0.128,NaN,NaN
207,NaN,NaN,0.1536,-0.128,NaN,NaN
208,NaN,NaN,-0.2304,-0.1536,NaN,NaN
209,NaN,NaN,-0.2048,-0.1536,NaN,NaN
210,NaN,NaN,-0.1792,-0.1536,NaN,NaN
211,0.49545,0.66466,-0.1536,-0.1536,55.9963,53.2985
212,0.3877,0.66603,-0.128,-0.1536,50.4126,59.7961
213,0.27044,0.67282,-0.1024,-0.1536,46.4803,68.1023
214,0.15916,0.67479,-0.0768,-0.1536,43.8924,76.7284
215,0.04502,0.67936,-0.0512,-0.1536,42.9101,86.2087
216,-0.07528,0.68249,-0.0256,-0.1536,43.3639,96.2944
217,-0.19518,0.67427,0.0,-0.1536,44.5837,106.1441
218,-0.30879,0.67068,0.0256,-0.1536,47.5912,114.722
219,-0.42318,0.65748,0.0512,-0.1536,51.4345,122.7669
220,-0.54351,0.66143,0.0768,-0.1536,58.8805,129.4106
221,NaN,NaN,0.1024,-0.1536,NaN,NaN
222,NaN,NaN,0.128,-0.1536,NaN,NaN
223,NaN,NaN,0.1536,-0.1536,NaN,NaN
224,NaN,NaN,-0.2304,-0.1792,NaN,NaN
225,NaN,NaN,-0.2048,-0.1792,NaN,NaN
226,NaN,NaN,-0.1792,-0.1792,NaN,NaN
227,NaN,NaN,-0.1536,-0.1792,NaN,NaN
228,NaN,NaN,-0.128,-0.1792,NaN,NaN
229,0.25479,0.8134,-0.1024,-0.1792,58.4706,72.6073
230,0.15143,0.80527,-0.0768,-0.1792,55.0232,79.35
231,0.0417,0.80683,-0.0512,-0.1792,53.8919,87.0414
232,-0.07041,0.80491,-0.0256,-0.1792,53.8994,94.9993
233,-0.18355,0.80279,0.0,-0.1792,55.4373,102.8787
234,-0.30028,0.79708,0.0256,-0.1792,58.4042,110.6426
235,NaN,NaN,0.0512,-0.1792,NaN,NaN
236,NaN,NaN,0.0768,-0.1792,NaN,NaN
237,NaN,NaN,0.1024,-0.1792,NaN,NaN
238,NaN,NaN,0.128,-0.1792,NaN,NaN
239,NaN,NaN,0.1536,-0.1792,NaN,NaN
240,NaN,NaN,-0.2304,-0.2048,NaN,NaN
241,NaN,NaN,-0.2048,-0.2048,NaN,NaN
242,NaN,NaN,-0.1792,-0.2048,NaN,NaN
243,NaN,NaN,-0.1536,-0.2048,NaN,NaN
244,NaN,NaN,-0.128,-0.2048,NaN,NaN
245,NaN,NaN,-0.1024,-0.2048,NaN,NaN
246,NaN,NaN,-0.0768,-0.2048,NaN,NaN
247,NaN,NaN,-0.0512,-0.2048,NaN,NaN
248,NaN,NaN,-0.0256,-0.2048,NaN,NaN
249,NaN,NaN,0.0,-0.2048,NaN,NaN
250,NaN,NaN,0.0256,-0.2048,NaN,NaN
251,NaN,NaN,0.0512,-0.2048,NaN,NaN
252,NaN,NaN,0.0768,-0.2048,NaN,NaN
253,NaN,NaN,0.1024,-0.2048,NaN,NaN
254,NaN,NaN,0.128,-0.2048,NaN,NaN
255,NaN,NaN,0.1536,-0.2048,NaN,NaN
